﻿Cca3,country Name,Official Name,Region,Year ,Land Area Km,literacyRate,literacyRateByCountry latestRate
IND,India,Republic of India,Asia,1/1/2015,2973190,0.722253,72.2253
CHN,China,People's Republic of China,Asia,1/1/2015,9424702.9,0.9635745,96.35745
USA,United States,United States of America,North America,1/1/2003,9147420,0.99,99
IDN,Indonesia,Republic of Indonesia,Asia,1/1/2015,1877519,0.9543768,95.43768
PAK,Pakistan,Islamic Republic of Pakistan,Asia,1/1/2015,770880,0.5644031,56.44031
NGA,Nigeria,Federal Republic of Nigeria,Africa,1/1/2015,910770,0.5956808,59.56808
BRA,Brazil,Federative Republic of Brazil,South America,1/1/2015,8358140,0.9258681,92.58681
BGD,Bangladesh,People's Republic of Bangladesh,Asia,1/1/2015,130170,0.6149383,61.49383
RUS,Russia,Russian Federation,Europe,1/1/2015,16376870,0.9971957,99.71957
MEX,Mexico,United Mexican States,North America,1/1/2015,1943950,0.9454559,94.54559
ETH,Ethiopia,Federal Democratic Republic of Ethiopia,Africa,1/1/2015,1128571.3,0.4903152,49.03152
JPN,Japan,Japan,Asia,1/1/2002,364500,0.99,99
PHL,Philippines,Republic of the Philippines,Asia,1/1/2015,298170,0.9661803,96.61803
EGY,Egypt,Arab Republic of Egypt,Africa,1/1/2015,995450,0.7584262,75.84262
COD,DR Congo,Democratic Republic of the Congo,Africa,1/1/2015,2267050,0.7722167,77.22167
VNM,Vietnam,Socialist Republic of Vietnam,Asia,1/1/2015,313429,0.9451427,94.51427
IRN,Iran,Islamic Republic of Iran,Asia,1/1/2015,1622500,0.8717253,87.17253
TUR,Turkey,Republic of Turkey,Asia,1/1/2015,783562,0.956881,95.6881
DEU,Germany,Federal Republic of Germany,Europe,1/1/2003,349390,0.99,99
THA,Thailand,Kingdom of Thailand,Asia,1/1/2015,510890,0.9398302,93.98302
GBR,United Kingdom,United Kingdom of Great Britain and Northern Ireland,Europe,1/1/2003,241930,0.99,99
TZA,Tanzania,United Republic of Tanzania,Africa,1/1/2015,885800,0.803595,80.3595
FRA,France,French Republic,Europe,1/1/2003,547557,0.99,99
ZAF,South Africa,Republic of South Africa,Africa,1/1/2015,1213090,0.9459794,94.59794
ITA,Italy,Italian Republic,Europe,1/1/2015,295717,0.9901579,99.01579
KEN,Kenya,Republic of Kenya,Africa,1/1/2015,569140,0.780234,78.0234
MMR,Myanmar,Republic of the Union of Myanmar,Asia,1/1/2015,652670,0.9309005,93.09005
COL,Colombia,Republic of Colombia,South America,1/1/2015,1109500,0.9457706,94.57706
KOR,South Korea,Republic of Korea,Asia,1/1/2008,97600,0.9796594,97.96594
UGA,Uganda,Republic of Uganda,Africa,1/1/2015,200520,0.7380984,73.80984
SDN,Sudan,Republic of the Sudan,Africa,1/1/2015,1868000,0.5860132,58.60132
ESP,Spain,Kingdom of Spain,Europe,1/1/2015,499556.6,0.9811451,98.11451
ARG,Argentina,Argentine Republic,South America,1/1/2015,2736690,0.9808997,98.08997
DZA,Algeria,People's Democratic Republic of Algeria,Africa,1/1/2015,2381741,0.796084,79.6084
IRQ,Iraq,Republic of Iraq,Asia,1/1/2015,434128,0.7972176,79.72176
AFG,Afghanistan,Islamic Republic of Afghanistan,Asia,1/1/2015,652230,0.3816804,38.16804
POL,Poland,Republic of Poland,Europe,1/1/2015,306130,0.9978742,99.78742
CAN,Canada,Canada,North America,1/1/2003,8965590,0.99,99
MAR,Morocco,Kingdom of Morocco,Africa,1/1/2015,446300,0.7171055,71.71055
SAU,Saudi Arabia,Kingdom of Saudi Arabia,Asia,1/1/2015,2149690,0.9484237,94.84237
UKR,Ukraine,Ukraine,Europe,1/1/2015,579400,0.9976411,99.76411
AGO,Angola,Republic of Angola,Africa,1/1/2015,1246700,0.7116416,71.16416
UZB,Uzbekistan,Republic of Uzbekistan,Asia,1/1/2015,440650,0.9999519,99.99519
YEM,Yemen,Republic of Yemen,Asia,1/1/2015,527970,0.6996195,69.96195
PER,Peru,Republic of Peru,South America,1/1/2015,1280000,0.9437435,94.37435
MYS,Malaysia,Malaysia,Asia,1/1/2015,328550,0.9463699,94.63699
GHA,Ghana,Republic of Ghana,Africa,1/1/2015,227533,0.765759,76.5759
MOZ,Mozambique,Republic of Mozambique,Africa,1/1/2015,786380,0.5883655,58.83655
NPL,Nepal,Federal Democratic Republic of Nepal,Asia,1/1/2015,143350,0.6466364,64.66364
MDG,Madagascar,Republic of Madagascar,Africa,1/1/2015,581800,0.646563,64.6563
CIV,Ivory Coast,Republic of Côte d'Ivoire,Africa,1/1/2015,318000,0.4326532,43.26532
VEN,Venezuela,Bolivarian Republic of Venezuela,South America,1/1/2015,882050,0.9539925,95.39925
CMR,Cameroon,Republic of Cameroon,Africa,1/1/2015,472710,0.7498558,74.98558
NER,Niger,Republic of Niger,Africa,1/1/2015,1266700,0.191026,19.1026
AUS,Australia,Commonwealth of Australia,Oceania,1/1/2003,7692020,0.99,99
TWN,Taiwan,Republic of China,Asia,1/1/2003,36197,0.961,96.1
MLI,Mali,Republic of Mali,Africa,1/1/2015,1220190,0.3306887,33.06887
BFA,Burkina Faso,Burkina Faso,Africa,1/1/2015,273600,0.377467,37.7467
SYR,Syria,Syrian Arab Republic,Asia,1/1/2015,183630,0.8630393,86.30393
LKA,Sri Lanka,Democratic Socialist Republic of Sri Lanka,Asia,1/1/2015,61860,0.9261417,92.61417
MWI,Malawi,Republic of Malawi,Africa,1/1/2015,94280,0.6596383,65.96383
ZMB,Zambia,Republic of Zambia,Africa,1/1/2015,743390,0.8511726,85.11726
ROU,Romania,Romania,Europe,1/1/2015,230080,0.9875703,98.75703
CHL,Chile,Republic of Chile,South America,1/1/2015,743532,0.9662755,96.62755
KAZ,Kazakhstan,Republic of Kazakhstan,Asia,1/1/2015,2699700,0.9978785,99.78785
TCD,Chad,Republic of Chad,Africa,1/1/2015,1259200,0.4001824,40.01824
ECU,Ecuador,Republic of Ecuador,South America,1/1/2015,248360,0.9451547,94.51547
SOM,Somalia,Federal Republic of Somalia,Africa,1/1/2001,627340,0.378,37.8
GTM,Guatemala,Republic of Guatemala,North America,1/1/2015,107160,0.7907421,79.07421
SEN,Senegal,Republic of Senegal,Africa,1/1/2015,192530,0.5562485,55.62485
NLD,Netherlands,Netherlands,Europe,1/1/2003,33670,0.99,99
KHM,Cambodia,Kingdom of Cambodia,Asia,1/1/2015,176520,0.7834594,78.34594
ZWE,Zimbabwe,Republic of Zimbabwe,Africa,1/1/2015,386850,0.8687348,86.87348
GIN,Guinea,Republic of Guinea,Africa,1/1/2015,245720,0.3047279,30.47279
RWA,Rwanda,Republic of Rwanda,Africa,1/1/2015,24670,0.712435,71.2435
BEN,Benin,Republic of Benin,Africa,1/1/2015,112760,0.3844714,38.44714
BDI,Burundi,Republic of Burundi,Africa,1/1/2015,25680,0.8549609,85.49609
TUN,Tunisia,Tunisian Republic,Africa,1/1/2015,155360,0.8105419,81.05419
BOL,Bolivia,Plurinational State of Bolivia,South America,1/1/2015,1083300,0.9514192,95.14192
HTI,Haiti,Republic of Haiti,North America,1/1/2015,27560,0.6068935,60.68935
BEL,Belgium,Kingdom of Belgium,Europe,1/1/2003,30280,0.99,99
JOR,Jordan,Hashemite Kingdom of Jordan,Asia,1/1/2015,88794,0.9801435,98.01435
DOM,Dominican Republic,Dominican Republic,North America,1/1/2015,48310,0.9246542,92.46542
CUB,Cuba,Republic of Cuba,North America,1/1/2015,103800,0.9971072,99.71072
SSD,South Sudan,Republic of South Sudan,Africa,1/1/2015,631930,0.3197625,31.97625
SWE,Sweden,Kingdom of Sweden,Europe,1/1/2003,407283.5,0.99,99
HND,Honduras,Republic of Honduras,North America,1/1/2015,111890,0.8842458,88.42458
AZE,Azerbaijan,Republic of Azerbaijan,Asia,1/1/2015,82646,0.9980526,99.80526
GRC,Greece,Hellenic Republic,Europe,1/1/2015,128900,0.9529287,95.29287
PNG,Papua New Guinea,Independent State of Papua New Guinea,Oceania,1/1/2015,452860,0.6343349,63.43349
PRT,Portugal,Portuguese Republic,Europe,1/1/2015,91605.6,0.9542811,95.42811
HUN,Hungary,Hungary,Europe,1/1/2015,91260,0.9938088,99.38088
TJK,Tajikistan,Republic of Tajikistan,Asia,1/1/2015,138790,0.9978105,99.78105
ARE,United Arab Emirates,United Arab Emirates,Asia,1/1/2015,71020,0.9298637,92.98637
BLR,Belarus,Republic of Belarus,Europe,1/1/2015,202980,0.9972204,99.72204
ISR,Israel,State of Israel,Asia,1/1/2004,21640,0.971,97.1
TGO,Togo,Togolese Republic,Africa,1/1/2015,54390,0.6653759,66.53759
AUT,Austria,Republic of Austria,Europe,1/1/2011,82520,0.98,98
CHE,Switzerland,Swiss Confederation,Europe,1/1/2003,39516,0.99,99
SLE,Sierra Leone,Republic of Sierra Leone,Africa,1/1/2015,72180,0.484319,48.4319
LAO,Laos,Lao People's Democratic Republic,Asia,1/1/2015,230800,0.7986746,79.86746
HKG,Hong Kong,Hong Kong Special Administrative Region of the People's Republic of China,Asia,1/1/2002,1050,0.935,93.5
SRB,Serbia,Republic of Serbia,Europe,1/1/2015,87460,0.9800289,98.00289
NIC,Nicaragua,Republic of Nicaragua,North America,1/1/2015,120340,0.8247185,82.47185
LBY,Libya,State of Libya,Africa,1/1/2015,1759540,0.9138887,91.38887
PRY,Paraguay,Republic of Paraguay,South America,1/1/2015,397300,0.9553611,95.53611
KGZ,Kyrgyzstan,Kyrgyz Republic,Asia,1/1/2015,191800,0.9950132,99.50132
BGR,Bulgaria,Republic of Bulgaria,Europe,1/1/2015,108560,0.9838858,98.38858
TKM,Turkmenistan,Turkmenistan,Asia,1/1/2015,469930,0.9969293,99.69293
SLV,El Salvador,Republic of El Salvador,North America,1/1/2015,20720,0.8764822,87.64822
SGP,Singapore,Republic of Singapore,Asia,1/1/2015,718,0.9677463,96.77463
DNK,Denmark,Kingdom of Denmark,Europe,1/1/2003,40000,0.99,99
SVK,Slovakia,Slovak Republic,Europe,1/1/2004,49035,0.996,99.6
CAF,Central African Republic,Central African Republic,Africa,1/1/2015,622980,0.3675261,36.75261
FIN,Finland,Republic of Finland,Europe,1/1/2000,303940,1,100
NOR,Norway,Kingdom of Norway,Europe,1/1/2011,364285,1,100
LBR,Liberia,Republic of Liberia,Africa,1/1/2015,96320,0.4760014,47.60014
PSE,Palestine,State of Palestine,Asia,1/1/2015,6020,0.9666804,96.66804
LBN,Lebanon,Lebanese Republic,Asia,1/1/2015,10230,0.940511,94.0511
NZL,New Zealand,New Zealand,Oceania,1/1/2003,263310,0.99,99
CRI,Costa Rica,Republic of Costa Rica,North America,1/1/2015,51060,0.9764725,97.64725
IRL,Ireland,Ireland,Europe,1/1/2003,68890,0.99,99
MRT,Mauritania,Islamic Republic of Mauritania,Africa,1/1/2015,1030700,0.5212356,52.12356
OMN,Oman,Sultanate of Oman,Asia,1/1/2015,309500,0.9397165,93.97165
PAN,Panama,Republic of Panama,North America,1/1/2015,74180,0.9503823,95.03823
KWT,Kuwait,State of Kuwait,Asia,1/1/2015,17820,0.9611771,96.11771
HRV,Croatia,Republic of Croatia,Europe,1/1/2015,55960,0.9927259,99.27259
ERI,Eritrea,State of Eritrea,Africa,1/1/2015,121040.8,0.7384525,73.84525
GEO,Georgia,Georgia,Asia,1/1/2015,69490,0.9975962,99.75962
MNG,Mongolia,Mongolia,Asia,1/1/2015,1557506.8,0.9836764,98.36764
MDA,Moldova,Republic of Moldova,Europe,1/1/2015,32884.6,0.9924439,99.24439
URY,Uruguay,Oriental Republic of Uruguay,South America,1/1/2015,175020,0.984421,98.4421
PRI,Puerto Rico,Commonwealth of Puerto Rico,North America,1/1/2015,8870,0.9332942,93.32942
BIH,Bosnia and Herzegovina,Bosnia and Herzegovina,Europe,1/1/2015,51200,0.9848576,98.48576
ALB,Albania,Republic of Albania,Europe,1/1/2015,27400,0.975539,97.5539
JAM,Jamaica,Jamaica,North America,1/1/2015,10830,0.884999,88.4999
ARM,Armenia,Republic of Armenia,Asia,1/1/2015,28470,0.9976842,99.76842
GMB,Gambia,Republic of the Gambia,Africa,1/1/2015,10120,0.5557276,55.57276
LTU,Lithuania,Republic of Lithuania,Europe,1/1/2015,62620,0.9982328,99.82328
QAT,Qatar,State of Qatar,Asia,1/1/2015,11490,0.9775709,97.75709
BWA,Botswana,Republic of Botswana,Africa,1/1/2015,566730,0.8822441,88.22441
NAM,Namibia,Republic of Namibia,Africa,1/1/2015,823290,0.908205,90.8205
GAB,Gabon,Gabonese Republic,Africa,1/1/2015,257670,0.8323788,83.23788
LSO,Lesotho,Kingdom of Lesotho,Africa,1/1/2015,30360,0.7936093,79.36093
GNB,Guinea-Bissau,Republic of Guinea-Bissau,Africa,1/1/2015,28120,0.5977285,59.77285
SVN,Slovenia,Republic of Slovenia,Europe,1/1/2015,20136.4,0.9971476,99.71476
MKD,North Macedonia,Republic of North Macedonia,Europe,1/1/2015,25220,0.9784376,97.84376
LVA,Latvia,Republic of Latvia,Europe,1/1/2015,62230,0.9989269,99.89269
GNQ,Equatorial Guinea,Republic of Equatorial Guinea,Africa,1/1/2015,28050,0.9519566,95.19566
TTO,Trinidad and Tobago,Republic of Trinidad and Tobago,North America,1/1/2015,5130,0.9896958,98.96958
BHR,Bahrain,Kingdom of Bahrain,Asia,1/1/2015,785,0.9571726,95.71726
EST,Estonia,Republic of Estonia,Europe,1/1/2015,42750,0.9982351,99.82351
MUS,Mauritius,Republic of Mauritius,Africa,1/1/2015,2030,0.9061604,90.61604
CYP,Cyprus,Republic of Cyprus,Europe,1/1/2015,9240,0.9905978,99.05978
SWZ,Eswatini,Kingdom of Eswatini,Africa,1/1/2015,17200,0.8747019,87.47019
DJI,Djibouti,Republic of Djibouti,Africa,1/1/2003,23180,0.679,67.9
FJI,Fiji,Republic of Fiji,Oceania,1/1/2003,18270,0.937,93.7
COM,Comoros,Union of the Comoros,Africa,1/1/2015,1861,0.7813739,78.13739
GUY,Guyana,Co-operative Republic of Guyana,South America,1/1/2015,196850,0.8753532,87.53532
BTN,Bhutan,Kingdom of Bhutan,Asia,1/1/2015,38140,0.6390682,63.90682
SLB,Solomon Islands,Solomon Islands,Oceania,1/1/2011,27990,0.841,84.1
LUX,Luxembourg,Grand Duchy of Luxembourg,Europe,1/1/2000,2574.5,1,100
MNE,Montenegro,Montenegro,Europe,1/1/2015,13450,0.9871995,98.71995
SUR,Suriname,Republic of Suriname,South America,1/1/2015,156000,0.9553899,95.53899
CPV,Cape Verde,Republic of Cabo Verde,Africa,1/1/2015,4033,0.8846542,88.46542
MLT,Malta,Republic of Malta,Europe,1/1/2015,320,0.9406661,94.06661
MDV,Maldives,Republic of the Maldives,Asia,1/1/2015,300,0.9932102,99.32102
BRN,Brunei,"Nation of Brunei, Abode of Peace",Asia,1/1/2015,5270,0.9665653,96.65653
BHS,Bahamas,Commonwealth of the Bahamas,North America,1/1/2003,10010,0.956,95.6
BLZ,Belize,Belize,North America,1/1/2015,22810,0.8277682,82.77682
ISL,Iceland,Iceland,Europe,1/1/2003,100830,0.99,99
VUT,Vanuatu,Republic of Vanuatu,Oceania,1/1/2015,12190,0.8505868,85.05868
PYF,French Polynesia,French Polynesia,Oceania,1/1/1977,3471,0.98,98
NCL,New Caledonia,New Caledonia,Oceania,1/1/2015,18280,0.9693782,96.93782
BRB,Barbados,Barbados,North America,1/1/2002,430,0.997,99.7
STP,Sao Tome and Principe,Democratic Republic of São Tomé and Príncipe,Africa,1/1/2015,960,0.9174711,91.74711
WSM,Samoa,Independent State of Samoa,Oceania,1/1/2015,2780,0.9901501,99.01501
LCA,Saint Lucia,Saint Lucia,North America,1/1/2001,610,0.901,90.1
GUM,Guam,Guam,Oceania,1/1/2015,540,0.9978904,99.78904
GRD,Grenada,Grenada,North America,1/1/2003,340,0.96,96
FSM,Micronesia,Federated States of Micronesia,Oceania,1/1/1980,700,0.89,89
TON,Tonga,Kingdom of Tonga,Oceania,1/1/2015,720,0.9939786,99.39786
SYC,Seychelles,Republic of Seychelles,Africa,1/1/2015,460,0.9532108,95.32108
ABW,Aruba,Aruba,North America,1/1/2015,180,0.975242,97.5242
VCT,Saint Vincent and the Grenadines,Saint Vincent and the Grenadines,North America,1/1/1970,390,0.9563216,95.63216
ATG,Antigua and Barbuda,Antigua and Barbuda,North America,1/1/2014,440,0.9895,98.95
AND,Andorra,Principality of Andorra,Europe,1/1/2011,470,1,100
DMA,Dominica,Commonwealth of Dominica,North America,1/1/2003,750,0.94,94
CYM,Cayman Islands,Cayman Islands,North America,1/1/2007,240,0.9886782,98.86782
BMU,Bermuda,Bermuda,North America,1/1/2005,54,0.98,98
GRL,Greenland,Greenland,North America,1/1/2001,410450,1,100
MNP,Northern Mariana Islands,Commonwealth of the Northern Mariana Islands,Oceania,1/1/1980,460,0.97,97
KNA,Saint Kitts and Nevis,Federation of Saint Christopher and Nevisa,North America,1/1/2003,260,0.978,97.8
TCA,Turks and Caicos Islands,Turks and Caicos Islands,North America,1/1/1970,948,0.98,98
ASM,American Samoa,American Samoa,Oceania,1/1/1980,200,0.9734416,97.34416
MHL,Marshall Islands,Republic of the Marshall Islands,Oceania,1/1/2015,180,0.9826508,98.26508
LIE,Liechtenstein,Principality of Liechtenstein,Europe,1/1/2011,160,1,100
MCO,Monaco,Principality of Monaco,Europe,1/1/2003,2,0.99,99
SMR,San Marino,Most Serene Republic of San Marino,Europe,1/1/2011,60,0.96,96
GIB,Gibraltar,Gibraltar,Europe,1/1/2011,6.8,0.8,80
VGB,British Virgin Islands,Virgin Islands,North America,1/1/1991,150,0.978,97.8
PLW,Palau,Republic of Palau,Oceania,1/1/2015,460,0.9952397,99.52397
COK,Cook Islands,Cook Islands,Oceania,1/1/2011,240,0.95,95
AIA,Anguilla,Anguilla,North America,1/1/1984,91,0.95,95
WLF,Wallis and Futuna,Territory of the Wallis and Futuna Islands,Oceania,1/1/1969,274,0.5,50
SPM,Saint Pierre and Miquelon,Saint Pierre and Miquelon,North America,1/1/1982,242,0.99,99
MSR,Montserrat,Montserrat,North America,1/1/1970,102,0.97,97
NIU,Niue,Niue,Oceania,1/1/2011,261,0.95,95
