Population Growth rate,country Name
0.00808,India
-0.00015,China
0.00505,United States
0.00738,Indonesia
0.01976,Pakistan
0.02408,Nigeria
0.00515,Brazil
0.01033,Bangladesh
-0.00186,Russia
0.00746,Mexico
0.02551,Ethiopia
-0.0053,Japan
0.01539,Philippines
0.01556,Egypt
0.03285,DR Congo
0.00685,Vietnam
0.00703,Iran
0.00557,Turkey
-0.0009,Germany
0.00145,Thailand
0.00338,United Kingdom
0.02963,Tanzania
0.00201,France
0.00869,South Africa
-0.00282,Italy
0.01986,Kenya
0.00736,Myanmar
0.00407,Colombia
-0.00061,South Korea
0.02821,Uganda
0.02634,Sudan
-0.00082,Spain
0.00579,Argentina
0.01566,Algeria
0.02266,Iraq
0.02702,Afghanistan
0.02933,Poland
0.0085,Canada
0.0102,Morocco
0.01478,Saudi Arabia
-0.07448,Ukraine
0.03077,Angola
0.01549,Uzbekistan
0.02235,Yemen
0.0089,Peru
0.01091,Malaysia
0.0193,Ghana
0.02814,Mozambique
0.01143,Nepal
0.02411,Madagascar
0.0253,Ivory Coast
0.01897,Venezuela
0.02625,Cameroon
0.03796,Niger
0.01,Australia
0.00125,Taiwan
0.03099,Mali
0.02548,Burkina Faso
0.0498,Syria
0.00281,Sri Lanka
0.0258,Malawi
0.02758,Zambia
0.01188,Romania
0.00132,Chile
0.01076,Kazakhstan
0.03133,Chad
0.01053,Ecuador
0.03102,Somalia
0.01391,Guatemala
0.0258,Senegal
0.00309,Netherlands
0.01056,Cambodia
0.02113,Zimbabwe
0.0239,Guinea
0.02308,Rwanda
0.02696,Benin
0.02708,Burundi
0.00826,Tunisia
0.01345,Bolivia
0.01206,Haiti
0.00259,Belgium
0.00454,Jordan
0.00928,Dominican Republic
-0.00158,Cuba
0.01609,South Sudan
0.00595,Sweden
0.01543,Honduras
0.00527,Azerbaijan
-0.00421,Greece
0.01847,Papua New Guinea
-0.00227,Portugal
0.01896,Hungary
0.01917,Tajikistan
0.00802,United Arab Emirates
-0.00385,Belarus
0.01507,Israel
0.02318,Togo
0.00216,Austria
0.00643,Switzerland
0.02154,Sierra Leone
0.01385,Laos
0.00037,Hong Kong
-0.01001,Serbia
0.01409,Nicaragua
0.01116,Libya
0.01191,Paraguay
0.01579,Kyrgyzstan
-0.0139,Bulgaria
0.01327,Turkmenistan
0.00451,El Salvador
0.00653,Singapore
0.00487,Denmark
0.02689,Slovakia
0.02925,Central African Republic
0.00085,Finland
0.00737,Norway
0.02182,Liberia
0.02308,Palestine
-0.02474,Lebanon
0.00826,New Zealand
0.00605,Costa Rica
0.00673,Ireland
0.02678,Mauritania
0.01488,Oman
0.0135,Panama
0.00966,Kuwait
-0.00539,Croatia
0.01761,Eritrea
-0.0043,Georgia
0.01436,Mongolia
0.04978,Moldova
0.00009,Uruguay
0.00243,Puerto Rico
-0.00701,Bosnia and Herzegovina
-0.00348,Albania
-0.00065,Jamaica
-0.0009,Armenia
0.02483,Gambia
-0.01153,Lithuania
0.00789,Qatar
0.01713,Botswana
0.01448,Namibia
0.01991,Gabon
0.01062,Lesotho
0.0215,Guinea-Bissau
-0.00008,Slovenia
-0.00378,North Macedonia
-0.01105,Latvia
0.02374,Equatorial Guinea
0.00254,Trinidad and Tobago
0.00902,Bahrain
-0.00249,Estonia
0.00084,Mauritius
0.00691,Cyprus
0.00762,Eswatini
0.01392,Djibouti
0.00711,Fiji
0.01829,Comoros
0.00632,Guyana
0.00635,Bhutan
0.0223,Solomon Islands
0.01107,Luxembourg
-0.00095,Montenegro
0.00841,Suriname
0.00933,Cape Verde
0.00333,Malta
-0.00528,Maldives
0.00784,Brunei
0.00644,Bahamas
0.0137,Belize
0.00649,Iceland
0.02377,Vanuatu
0.00847,French Polynesia
0.01049,New Caledonia
0.00128,Barbados
0.01969,Sao Tome and Principe
0.01484,Samoa
0.00219,Saint Lucia
0.00686,Guam
0.00594,Grenada
0.00929,Micronesia
0.00856,Tonga
0.00506,Seychelles
-0.00158,Aruba
-0.00241,Saint Vincent and the Grenadines
0.00571,Antigua and Barbuda
0.00331,Andorra
0.00417,Dominica
0.00879,Cayman Islands
-0.00179,Bermuda
0.00314,Greenland
0.00494,Northern Mariana Islands
0.00206,Saint Kitts and Nevis
0.00786,Turks and Caicos Islands
-0.00811,American Samoa
0.01027,Marshall Islands
0.00654,Liechtenstein
-0.00472,Monaco
-0.00054,San Marino
0.0012,Gibraltar
0.00744,British Virgin Islands
0.00017,Palau
0.00194,Cook Islands
0.00265,Anguilla
-0.00605,Wallis and Futuna
-0.00375,Saint Pierre and Miquelon
-0.00091,Montserrat
0.00052,Niue
